<?xml version="1.0" encoding="UTF-8"?>
<root>
  <item name="androidx.media3.common.audio.AudioProcessor.AudioFormat AudioFormat(int, int, int) 2">
    <annotation name="androidx.annotation.IntDef">
      <val name="value" val="{androidx.media3.common.Format.NO_VALUE, androidx.media3.common.C.ENCODING_INVALID, androidx.media3.common.C.ENCODING_PCM_8BIT, androidx.media3.common.C.ENCODING_PCM_16BIT, androidx.media3.common.C.ENCODING_PCM_16BIT_BIG_ENDIAN, androidx.media3.common.C.ENCODING_PCM_24BIT, androidx.media3.common.C.ENCODING_PCM_24BIT_BIG_ENDIAN, androidx.media3.common.C.ENCODING_PCM_32BIT, androidx.media3.common.C.ENCODING_PCM_32BIT_BIG_ENDIAN, androidx.media3.common.C.ENCODING_PCM_FLOAT}" />
    </annotation>
  </item>
  <item name="androidx.media3.common.audio.AudioProcessor.AudioFormat encoding">
    <annotation name="androidx.annotation.IntDef">
      <val name="value" val="{androidx.media3.common.Format.NO_VALUE, androidx.media3.common.C.ENCODING_INVALID, androidx.media3.common.C.ENCODING_PCM_8BIT, androidx.media3.common.C.ENCODING_PCM_16BIT, androidx.media3.common.C.ENCODING_PCM_16BIT_BIG_ENDIAN, androidx.media3.common.C.ENCODING_PCM_24BIT, androidx.media3.common.C.ENCODING_PCM_24BIT_BIG_ENDIAN, androidx.media3.common.C.ENCODING_PCM_32BIT, androidx.media3.common.C.ENCODING_PCM_32BIT_BIG_ENDIAN, androidx.media3.common.C.ENCODING_PCM_FLOAT}" />
    </annotation>
  </item>
</root>

