<?xml version="1.0" encoding="UTF-8"?>
<root>
  <item name="androidx.media3.ui.AspectRatioFrameLayout int getResizeMode()">
    <annotation name="androidx.annotation.IntDef">
      <val name="value" val="{androidx.media3.ui.AspectRatioFrameLayout.RESIZE_MODE_FIT, androidx.media3.ui.AspectRatioFrameLayout.RESIZE_MODE_FIXED_WIDTH, androidx.media3.ui.AspectRatioFrameLayout.RESIZE_MODE_FIXED_HEIGHT, androidx.media3.ui.AspectRatioFrameLayout.RESIZE_MODE_FILL, androidx.media3.ui.AspectRatioFrameLayout.RESIZE_MODE_ZOOM}" />
    </annotation>
  </item>
  <item name="androidx.media3.ui.AspectRatioFrameLayout resizeMode">
    <annotation name="androidx.annotation.IntDef">
      <val name="value" val="{androidx.media3.ui.AspectRatioFrameLayout.RESIZE_MODE_FIT, androidx.media3.ui.AspectRatioFrameLayout.RESIZE_MODE_FIXED_WIDTH, androidx.media3.ui.AspectRatioFrameLayout.RESIZE_MODE_FIXED_HEIGHT, androidx.media3.ui.AspectRatioFrameLayout.RESIZE_MODE_FILL, androidx.media3.ui.AspectRatioFrameLayout.RESIZE_MODE_ZOOM}" />
    </annotation>
  </item>
  <item name="androidx.media3.ui.AspectRatioFrameLayout void setResizeMode(int) 0">
    <annotation name="androidx.annotation.IntDef">
      <val name="value" val="{androidx.media3.ui.AspectRatioFrameLayout.RESIZE_MODE_FIT, androidx.media3.ui.AspectRatioFrameLayout.RESIZE_MODE_FIXED_WIDTH, androidx.media3.ui.AspectRatioFrameLayout.RESIZE_MODE_FIXED_HEIGHT, androidx.media3.ui.AspectRatioFrameLayout.RESIZE_MODE_FILL, androidx.media3.ui.AspectRatioFrameLayout.RESIZE_MODE_ZOOM}" />
    </annotation>
  </item>
  <item name="androidx.media3.ui.AspectRatioFrameLayout.ResizeMode">
    <annotation name="androidx.annotation.IntDef">
      <val name="value" val="{androidx.media3.ui.AspectRatioFrameLayout.RESIZE_MODE_FIT, androidx.media3.ui.AspectRatioFrameLayout.RESIZE_MODE_FIXED_WIDTH, androidx.media3.ui.AspectRatioFrameLayout.RESIZE_MODE_FIXED_HEIGHT, androidx.media3.ui.AspectRatioFrameLayout.RESIZE_MODE_FILL, androidx.media3.ui.AspectRatioFrameLayout.RESIZE_MODE_ZOOM}" />
    </annotation>
  </item>
  <item name="androidx.media3.ui.CaptionStyleCompat CaptionStyleCompat(int, int, int, int, int, android.graphics.Typeface) 3">
    <annotation name="androidx.annotation.IntDef">
      <val name="value" val="{androidx.media3.ui.CaptionStyleCompat.EDGE_TYPE_NONE, androidx.media3.ui.CaptionStyleCompat.EDGE_TYPE_OUTLINE, androidx.media3.ui.CaptionStyleCompat.EDGE_TYPE_DROP_SHADOW, androidx.media3.ui.CaptionStyleCompat.EDGE_TYPE_RAISED, androidx.media3.ui.CaptionStyleCompat.EDGE_TYPE_DEPRESSED}" />
    </annotation>
  </item>
  <item name="androidx.media3.ui.CaptionStyleCompat edgeType">
    <annotation name="androidx.annotation.IntDef">
      <val name="value" val="{androidx.media3.ui.CaptionStyleCompat.EDGE_TYPE_NONE, androidx.media3.ui.CaptionStyleCompat.EDGE_TYPE_OUTLINE, androidx.media3.ui.CaptionStyleCompat.EDGE_TYPE_DROP_SHADOW, androidx.media3.ui.CaptionStyleCompat.EDGE_TYPE_RAISED, androidx.media3.ui.CaptionStyleCompat.EDGE_TYPE_DEPRESSED}" />
    </annotation>
  </item>
  <item name="androidx.media3.ui.CaptionStyleCompat.EdgeType">
    <annotation name="androidx.annotation.IntDef">
      <val name="value" val="{androidx.media3.ui.CaptionStyleCompat.EDGE_TYPE_NONE, androidx.media3.ui.CaptionStyleCompat.EDGE_TYPE_OUTLINE, androidx.media3.ui.CaptionStyleCompat.EDGE_TYPE_DROP_SHADOW, androidx.media3.ui.CaptionStyleCompat.EDGE_TYPE_RAISED, androidx.media3.ui.CaptionStyleCompat.EDGE_TYPE_DEPRESSED}" />
    </annotation>
  </item>
  <item name="androidx.media3.ui.PlayerNotificationManager priority">
    <annotation name="androidx.annotation.IntDef">
      <val name="value" val="{androidx.core.app.NotificationCompat.PRIORITY_DEFAULT, androidx.core.app.NotificationCompat.PRIORITY_MAX, androidx.core.app.NotificationCompat.PRIORITY_HIGH, androidx.core.app.NotificationCompat.PRIORITY_LOW, androidx.core.app.NotificationCompat.PRIORITY_MIN}" />
    </annotation>
  </item>
  <item name="androidx.media3.ui.PlayerNotificationManager void setPriority(int) 0">
    <annotation name="androidx.annotation.IntDef">
      <val name="value" val="{androidx.core.app.NotificationCompat.PRIORITY_DEFAULT, androidx.core.app.NotificationCompat.PRIORITY_MAX, androidx.core.app.NotificationCompat.PRIORITY_HIGH, androidx.core.app.NotificationCompat.PRIORITY_LOW, androidx.core.app.NotificationCompat.PRIORITY_MIN}" />
    </annotation>
  </item>
  <item name="androidx.media3.ui.PlayerNotificationManager void setVisibility(int) 0">
    <annotation name="androidx.annotation.IntDef">
      <val name="value" val="{androidx.core.app.NotificationCompat.VISIBILITY_PRIVATE, androidx.core.app.NotificationCompat.VISIBILITY_PUBLIC, androidx.core.app.NotificationCompat.VISIBILITY_SECRET}" />
    </annotation>
  </item>
  <item name="androidx.media3.ui.PlayerNotificationManager.Priority">
    <annotation name="androidx.annotation.IntDef">
      <val name="value" val="{androidx.core.app.NotificationCompat.PRIORITY_DEFAULT, androidx.core.app.NotificationCompat.PRIORITY_MAX, androidx.core.app.NotificationCompat.PRIORITY_HIGH, androidx.core.app.NotificationCompat.PRIORITY_LOW, androidx.core.app.NotificationCompat.PRIORITY_MIN}" />
    </annotation>
  </item>
  <item name="androidx.media3.ui.PlayerNotificationManager.Visibility">
    <annotation name="androidx.annotation.IntDef">
      <val name="value" val="{androidx.core.app.NotificationCompat.VISIBILITY_PRIVATE, androidx.core.app.NotificationCompat.VISIBILITY_PUBLIC, androidx.core.app.NotificationCompat.VISIBILITY_SECRET}" />
    </annotation>
  </item>
  <item name="androidx.media3.ui.PlayerView artworkDisplayMode">
    <annotation name="androidx.annotation.IntDef">
      <val name="value" val="{androidx.media3.ui.PlayerView.ARTWORK_DISPLAY_MODE_OFF, androidx.media3.ui.PlayerView.ARTWORK_DISPLAY_MODE_FIT, androidx.media3.ui.PlayerView.ARTWORK_DISPLAY_MODE_FILL}" />
    </annotation>
  </item>
  <item name="androidx.media3.ui.PlayerView imageDisplayMode">
    <annotation name="androidx.annotation.IntDef">
      <val name="value" val="{androidx.media3.ui.PlayerView.IMAGE_DISPLAY_MODE_FIT, androidx.media3.ui.PlayerView.IMAGE_DISPLAY_MODE_FILL}" />
    </annotation>
  </item>
  <item name="androidx.media3.ui.PlayerView int getArtworkDisplayMode()">
    <annotation name="androidx.annotation.IntDef">
      <val name="value" val="{androidx.media3.ui.PlayerView.ARTWORK_DISPLAY_MODE_OFF, androidx.media3.ui.PlayerView.ARTWORK_DISPLAY_MODE_FIT, androidx.media3.ui.PlayerView.ARTWORK_DISPLAY_MODE_FILL}" />
    </annotation>
  </item>
  <item name="androidx.media3.ui.PlayerView int getImageDisplayMode()">
    <annotation name="androidx.annotation.IntDef">
      <val name="value" val="{androidx.media3.ui.PlayerView.IMAGE_DISPLAY_MODE_FIT, androidx.media3.ui.PlayerView.IMAGE_DISPLAY_MODE_FILL}" />
    </annotation>
  </item>
  <item name="androidx.media3.ui.PlayerView int getResizeMode()">
    <annotation name="androidx.annotation.IntDef">
      <val name="value" val="{androidx.media3.ui.AspectRatioFrameLayout.RESIZE_MODE_FIT, androidx.media3.ui.AspectRatioFrameLayout.RESIZE_MODE_FIXED_WIDTH, androidx.media3.ui.AspectRatioFrameLayout.RESIZE_MODE_FIXED_HEIGHT, androidx.media3.ui.AspectRatioFrameLayout.RESIZE_MODE_FILL, androidx.media3.ui.AspectRatioFrameLayout.RESIZE_MODE_ZOOM}" />
    </annotation>
  </item>
  <item name="androidx.media3.ui.PlayerView showBuffering">
    <annotation name="androidx.annotation.IntDef">
      <val name="value" val="{androidx.media3.ui.PlayerView.SHOW_BUFFERING_NEVER, androidx.media3.ui.PlayerView.SHOW_BUFFERING_WHEN_PLAYING, androidx.media3.ui.PlayerView.SHOW_BUFFERING_ALWAYS}" />
    </annotation>
  </item>
  <item name="androidx.media3.ui.PlayerView void setArtworkDisplayMode(int) 0">
    <annotation name="androidx.annotation.IntDef">
      <val name="value" val="{androidx.media3.ui.PlayerView.ARTWORK_DISPLAY_MODE_OFF, androidx.media3.ui.PlayerView.ARTWORK_DISPLAY_MODE_FIT, androidx.media3.ui.PlayerView.ARTWORK_DISPLAY_MODE_FILL}" />
    </annotation>
  </item>
  <item name="androidx.media3.ui.PlayerView void setImageDisplayMode(int) 0">
    <annotation name="androidx.annotation.IntDef">
      <val name="value" val="{androidx.media3.ui.PlayerView.IMAGE_DISPLAY_MODE_FIT, androidx.media3.ui.PlayerView.IMAGE_DISPLAY_MODE_FILL}" />
    </annotation>
  </item>
  <item name="androidx.media3.ui.PlayerView void setResizeMode(int) 0">
    <annotation name="androidx.annotation.IntDef">
      <val name="value" val="{androidx.media3.ui.AspectRatioFrameLayout.RESIZE_MODE_FIT, androidx.media3.ui.AspectRatioFrameLayout.RESIZE_MODE_FIXED_WIDTH, androidx.media3.ui.AspectRatioFrameLayout.RESIZE_MODE_FIXED_HEIGHT, androidx.media3.ui.AspectRatioFrameLayout.RESIZE_MODE_FILL, androidx.media3.ui.AspectRatioFrameLayout.RESIZE_MODE_ZOOM}" />
    </annotation>
  </item>
  <item name="androidx.media3.ui.PlayerView void setShowBuffering(int) 0">
    <annotation name="androidx.annotation.IntDef">
      <val name="value" val="{androidx.media3.ui.PlayerView.SHOW_BUFFERING_NEVER, androidx.media3.ui.PlayerView.SHOW_BUFFERING_WHEN_PLAYING, androidx.media3.ui.PlayerView.SHOW_BUFFERING_ALWAYS}" />
    </annotation>
  </item>
  <item name="androidx.media3.ui.PlayerView.ArtworkDisplayMode">
    <annotation name="androidx.annotation.IntDef">
      <val name="value" val="{androidx.media3.ui.PlayerView.ARTWORK_DISPLAY_MODE_OFF, androidx.media3.ui.PlayerView.ARTWORK_DISPLAY_MODE_FIT, androidx.media3.ui.PlayerView.ARTWORK_DISPLAY_MODE_FILL}" />
    </annotation>
  </item>
  <item name="androidx.media3.ui.PlayerView.ImageDisplayMode">
    <annotation name="androidx.annotation.IntDef">
      <val name="value" val="{androidx.media3.ui.PlayerView.IMAGE_DISPLAY_MODE_FIT, androidx.media3.ui.PlayerView.IMAGE_DISPLAY_MODE_FILL}" />
    </annotation>
  </item>
  <item name="androidx.media3.ui.PlayerView.ShowBuffering">
    <annotation name="androidx.annotation.IntDef">
      <val name="value" val="{androidx.media3.ui.PlayerView.SHOW_BUFFERING_NEVER, androidx.media3.ui.PlayerView.SHOW_BUFFERING_WHEN_PLAYING, androidx.media3.ui.PlayerView.SHOW_BUFFERING_ALWAYS}" />
    </annotation>
  </item>
  <item name="androidx.media3.ui.SubtitlePainter edgeType">
    <annotation name="androidx.annotation.IntDef">
      <val name="value" val="{androidx.media3.ui.CaptionStyleCompat.EDGE_TYPE_NONE, androidx.media3.ui.CaptionStyleCompat.EDGE_TYPE_OUTLINE, androidx.media3.ui.CaptionStyleCompat.EDGE_TYPE_DROP_SHADOW, androidx.media3.ui.CaptionStyleCompat.EDGE_TYPE_RAISED, androidx.media3.ui.CaptionStyleCompat.EDGE_TYPE_DEPRESSED}" />
    </annotation>
  </item>
  <item name="androidx.media3.ui.SubtitleView viewType">
    <annotation name="androidx.annotation.IntDef">
      <val name="value" val="{androidx.media3.ui.SubtitleView.VIEW_TYPE_CANVAS, androidx.media3.ui.SubtitleView.VIEW_TYPE_WEB}" />
    </annotation>
  </item>
  <item name="androidx.media3.ui.SubtitleView void setViewType(int) 0">
    <annotation name="androidx.annotation.IntDef">
      <val name="value" val="{androidx.media3.ui.SubtitleView.VIEW_TYPE_CANVAS, androidx.media3.ui.SubtitleView.VIEW_TYPE_WEB}" />
    </annotation>
  </item>
  <item name="androidx.media3.ui.SubtitleView.ViewType">
    <annotation name="androidx.annotation.IntDef">
      <val name="value" val="{androidx.media3.ui.SubtitleView.VIEW_TYPE_CANVAS, androidx.media3.ui.SubtitleView.VIEW_TYPE_WEB}" />
    </annotation>
  </item>
</root>

