<?xml version="1.0" encoding="UTF-8"?>
<root>
  <item name="androidx.media3.exoplayer.dash.DashMediaPeriod.TrackGroupInfo TrackGroupInfo(int, int, int[], int, int, int, int, com.google.common.collect.ImmutableList&lt;androidx.media3.common.Format&gt;) 1">
    <annotation name="androidx.annotation.IntDef">
      <val name="value" val="{androidx.media3.exoplayer.dash.DashMediaPeriod.TrackGroupInfo.CATEGORY_PRIMARY, androidx.media3.exoplayer.dash.DashMediaPeriod.TrackGroupInfo.CATEGORY_EMBEDDED, androidx.media3.exoplayer.dash.DashMediaPeriod.TrackGroupInfo.CATEGORY_MANIFEST_EVENTS}" />
    </annotation>
  </item>
  <item name="androidx.media3.exoplayer.dash.DashMediaPeriod.TrackGroupInfo trackGroupCategory">
    <annotation name="androidx.annotation.IntDef">
      <val name="value" val="{androidx.media3.exoplayer.dash.DashMediaPeriod.TrackGroupInfo.CATEGORY_PRIMARY, androidx.media3.exoplayer.dash.DashMediaPeriod.TrackGroupInfo.CATEGORY_EMBEDDED, androidx.media3.exoplayer.dash.DashMediaPeriod.TrackGroupInfo.CATEGORY_MANIFEST_EVENTS}" />
    </annotation>
  </item>
  <item name="androidx.media3.exoplayer.dash.DashMediaPeriod.TrackGroupInfo.TrackGroupCategory">
    <annotation name="androidx.annotation.IntDef">
      <val name="value" val="{androidx.media3.exoplayer.dash.DashMediaPeriod.TrackGroupInfo.CATEGORY_PRIMARY, androidx.media3.exoplayer.dash.DashMediaPeriod.TrackGroupInfo.CATEGORY_EMBEDDED, androidx.media3.exoplayer.dash.DashMediaPeriod.TrackGroupInfo.CATEGORY_MANIFEST_EVENTS}" />
    </annotation>
  </item>
</root>

