<?xml version="1.0" encoding="UTF-8"?>
<root>
  <item name="androidx.media3.exoplayer.hls.HlsChunkSource int getChunkPublicationState(androidx.media3.exoplayer.hls.HlsMediaChunk)">
    <annotation name="androidx.annotation.IntDef">
      <val name="value" val="{androidx.media3.exoplayer.hls.HlsChunkSource.CHUNK_PUBLICATION_STATE_PRELOAD, androidx.media3.exoplayer.hls.HlsChunkSource.CHUNK_PUBLICATION_STATE_PUBLISHED, androidx.media3.exoplayer.hls.HlsChunkSource.CHUNK_PUBLICATION_STATE_REMOVED}" />
    </annotation>
  </item>
  <item name="androidx.media3.exoplayer.hls.HlsMediaPeriod HlsMediaPeriod(androidx.media3.exoplayer.hls.HlsExtractorFactory, androidx.media3.exoplayer.hls.playlist.HlsPlaylistTracker, androidx.media3.exoplayer.hls.HlsDataSourceFactory, androidx.media3.datasource.TransferListener, androidx.media3.exoplayer.upstream.CmcdConfiguration, androidx.media3.exoplayer.drm.DrmSessionManager, androidx.media3.exoplayer.drm.DrmSessionEventListener.EventDispatcher, androidx.media3.exoplayer.upstream.LoadErrorHandlingPolicy, androidx.media3.exoplayer.source.MediaSourceEventListener.EventDispatcher, androidx.media3.exoplayer.upstream.Allocator, androidx.media3.exoplayer.source.CompositeSequenceableLoaderFactory, boolean, int, boolean, androidx.media3.exoplayer.analytics.PlayerId, long) 12">
    <annotation name="androidx.annotation.IntDef">
      <val name="value" val="{androidx.media3.exoplayer.hls.HlsMediaSource.METADATA_TYPE_ID3, androidx.media3.exoplayer.hls.HlsMediaSource.METADATA_TYPE_EMSG}" />
    </annotation>
  </item>
  <item name="androidx.media3.exoplayer.hls.HlsMediaPeriod metadataType">
    <annotation name="androidx.annotation.IntDef">
      <val name="value" val="{androidx.media3.exoplayer.hls.HlsMediaSource.METADATA_TYPE_ID3, androidx.media3.exoplayer.hls.HlsMediaSource.METADATA_TYPE_EMSG}" />
    </annotation>
  </item>
  <item name="androidx.media3.exoplayer.hls.HlsMediaSource HlsMediaSource(androidx.media3.common.MediaItem, androidx.media3.exoplayer.hls.HlsDataSourceFactory, androidx.media3.exoplayer.hls.HlsExtractorFactory, androidx.media3.exoplayer.source.CompositeSequenceableLoaderFactory, androidx.media3.exoplayer.upstream.CmcdConfiguration, androidx.media3.exoplayer.drm.DrmSessionManager, androidx.media3.exoplayer.upstream.LoadErrorHandlingPolicy, androidx.media3.exoplayer.hls.playlist.HlsPlaylistTracker, long, boolean, int, boolean, long) 10">
    <annotation name="androidx.annotation.IntDef">
      <val name="value" val="{androidx.media3.exoplayer.hls.HlsMediaSource.METADATA_TYPE_ID3, androidx.media3.exoplayer.hls.HlsMediaSource.METADATA_TYPE_EMSG}" />
    </annotation>
  </item>
  <item name="androidx.media3.exoplayer.hls.HlsMediaSource metadataType">
    <annotation name="androidx.annotation.IntDef">
      <val name="value" val="{androidx.media3.exoplayer.hls.HlsMediaSource.METADATA_TYPE_ID3, androidx.media3.exoplayer.hls.HlsMediaSource.METADATA_TYPE_EMSG}" />
    </annotation>
  </item>
  <item name="androidx.media3.exoplayer.hls.HlsMediaSource.Factory androidx.media3.exoplayer.hls.HlsMediaSource.Factory setMetadataType(int) 0">
    <annotation name="androidx.annotation.IntDef">
      <val name="value" val="{androidx.media3.exoplayer.hls.HlsMediaSource.METADATA_TYPE_ID3, androidx.media3.exoplayer.hls.HlsMediaSource.METADATA_TYPE_EMSG}" />
    </annotation>
  </item>
  <item name="androidx.media3.exoplayer.hls.HlsMediaSource.Factory metadataType">
    <annotation name="androidx.annotation.IntDef">
      <val name="value" val="{androidx.media3.exoplayer.hls.HlsMediaSource.METADATA_TYPE_ID3, androidx.media3.exoplayer.hls.HlsMediaSource.METADATA_TYPE_EMSG}" />
    </annotation>
  </item>
  <item name="androidx.media3.exoplayer.hls.HlsMediaSource.MetadataType">
    <annotation name="androidx.annotation.IntDef">
      <val name="value" val="{androidx.media3.exoplayer.hls.HlsMediaSource.METADATA_TYPE_ID3, androidx.media3.exoplayer.hls.HlsMediaSource.METADATA_TYPE_EMSG}" />
    </annotation>
  </item>
  <item name="androidx.media3.exoplayer.hls.HlsSampleStreamWrapper HlsSampleStreamWrapper(java.lang.String, int, androidx.media3.exoplayer.hls.HlsSampleStreamWrapper.Callback, androidx.media3.exoplayer.hls.HlsChunkSource, java.util.Map&lt;java.lang.String,androidx.media3.common.DrmInitData&gt;, androidx.media3.exoplayer.upstream.Allocator, long, androidx.media3.common.Format, androidx.media3.exoplayer.drm.DrmSessionManager, androidx.media3.exoplayer.drm.DrmSessionEventListener.EventDispatcher, androidx.media3.exoplayer.upstream.LoadErrorHandlingPolicy, androidx.media3.exoplayer.source.MediaSourceEventListener.EventDispatcher, int) 12">
    <annotation name="androidx.annotation.IntDef">
      <val name="value" val="{androidx.media3.exoplayer.hls.HlsMediaSource.METADATA_TYPE_ID3, androidx.media3.exoplayer.hls.HlsMediaSource.METADATA_TYPE_EMSG}" />
    </annotation>
  </item>
  <item name="androidx.media3.exoplayer.hls.HlsSampleStreamWrapper metadataType">
    <annotation name="androidx.annotation.IntDef">
      <val name="value" val="{androidx.media3.exoplayer.hls.HlsMediaSource.METADATA_TYPE_ID3, androidx.media3.exoplayer.hls.HlsMediaSource.METADATA_TYPE_EMSG}" />
    </annotation>
  </item>
  <item name="androidx.media3.exoplayer.hls.HlsSampleStreamWrapper.EmsgUnwrappingTrackOutput EmsgUnwrappingTrackOutput(androidx.media3.extractor.TrackOutput, int) 1">
    <annotation name="androidx.annotation.IntDef">
      <val name="value" val="{androidx.media3.exoplayer.hls.HlsMediaSource.METADATA_TYPE_ID3, androidx.media3.exoplayer.hls.HlsMediaSource.METADATA_TYPE_EMSG}" />
    </annotation>
  </item>
</root>

