<?xml version="1.0" encoding="UTF-8"?>
<root>
  <item name="androidx.media3.common.util.EGLSurfaceTexture android.opengl.EGLContext createEGLContext(android.opengl.EGLDisplay, android.opengl.EGLConfig, int) 2">
    <annotation name="androidx.annotation.IntDef">
      <val name="value" val="{androidx.media3.common.util.EGLSurfaceTexture.SECURE_MODE_NONE, androidx.media3.common.util.EGLSurfaceTexture.SECURE_MODE_SURFACELESS_CONTEXT, androidx.media3.common.util.EGLSurfaceTexture.SECURE_MODE_PROTECTED_PBUFFER}" />
    </annotation>
  </item>
  <item name="androidx.media3.common.util.EGLSurfaceTexture android.opengl.EGLSurface createEGLSurface(android.opengl.EGLDisplay, android.opengl.EGLConfig, android.opengl.EGLContext, int) 3">
    <annotation name="androidx.annotation.IntDef">
      <val name="value" val="{androidx.media3.common.util.EGLSurfaceTexture.SECURE_MODE_NONE, androidx.media3.common.util.EGLSurfaceTexture.SECURE_MODE_SURFACELESS_CONTEXT, androidx.media3.common.util.EGLSurfaceTexture.SECURE_MODE_PROTECTED_PBUFFER}" />
    </annotation>
  </item>
  <item name="androidx.media3.common.util.EGLSurfaceTexture void init(int) 0">
    <annotation name="androidx.annotation.IntDef">
      <val name="value" val="{androidx.media3.common.util.EGLSurfaceTexture.SECURE_MODE_NONE, androidx.media3.common.util.EGLSurfaceTexture.SECURE_MODE_SURFACELESS_CONTEXT, androidx.media3.common.util.EGLSurfaceTexture.SECURE_MODE_PROTECTED_PBUFFER}" />
    </annotation>
  </item>
  <item name="androidx.media3.common.util.EGLSurfaceTexture.SecureMode">
    <annotation name="androidx.annotation.IntDef">
      <val name="value" val="{androidx.media3.common.util.EGLSurfaceTexture.SECURE_MODE_NONE, androidx.media3.common.util.EGLSurfaceTexture.SECURE_MODE_SURFACELESS_CONTEXT, androidx.media3.common.util.EGLSurfaceTexture.SECURE_MODE_PROTECTED_PBUFFER}" />
    </annotation>
  </item>
  <item name="androidx.media3.common.util.GlUtil android.opengl.EGLSurface createEglSurface(android.opengl.EGLDisplay, java.lang.Object, int, boolean) 2">
    <annotation name="androidx.annotation.IntDef">
      <val name="value" val="{androidx.media3.common.Format.NO_VALUE, androidx.media3.common.C.COLOR_TRANSFER_LINEAR, androidx.media3.common.C.COLOR_TRANSFER_SDR, androidx.media3.common.C.COLOR_TRANSFER_SRGB, androidx.media3.common.C.COLOR_TRANSFER_GAMMA_2_2, androidx.media3.common.C.COLOR_TRANSFER_ST2084, androidx.media3.common.C.COLOR_TRANSFER_HLG}" />
    </annotation>
  </item>
  <item name="androidx.media3.common.util.Log int getLogLevel()">
    <annotation name="androidx.annotation.IntDef">
      <val name="value" val="{androidx.media3.common.util.Log.LOG_LEVEL_ALL, androidx.media3.common.util.Log.LOG_LEVEL_INFO, androidx.media3.common.util.Log.LOG_LEVEL_WARNING, androidx.media3.common.util.Log.LOG_LEVEL_ERROR, androidx.media3.common.util.Log.LOG_LEVEL_OFF}" />
    </annotation>
  </item>
  <item name="androidx.media3.common.util.Log void setLogLevel(int) 0">
    <annotation name="androidx.annotation.IntDef">
      <val name="value" val="{androidx.media3.common.util.Log.LOG_LEVEL_ALL, androidx.media3.common.util.Log.LOG_LEVEL_INFO, androidx.media3.common.util.Log.LOG_LEVEL_WARNING, androidx.media3.common.util.Log.LOG_LEVEL_ERROR, androidx.media3.common.util.Log.LOG_LEVEL_OFF}" />
    </annotation>
  </item>
  <item name="androidx.media3.common.util.Log.LogLevel">
    <annotation name="androidx.annotation.IntDef">
      <val name="value" val="{androidx.media3.common.util.Log.LOG_LEVEL_ALL, androidx.media3.common.util.Log.LOG_LEVEL_INFO, androidx.media3.common.util.Log.LOG_LEVEL_WARNING, androidx.media3.common.util.Log.LOG_LEVEL_ERROR, androidx.media3.common.util.Log.LOG_LEVEL_OFF}" />
    </annotation>
  </item>
  <item name="androidx.media3.common.util.MediaFormatUtil void maybeSetPcmEncoding(android.media.MediaFormat, int) 1">
    <annotation name="androidx.annotation.IntDef">
      <val name="value" val="{androidx.media3.common.Format.NO_VALUE, androidx.media3.common.C.ENCODING_INVALID, androidx.media3.common.C.ENCODING_PCM_8BIT, androidx.media3.common.C.ENCODING_PCM_16BIT, androidx.media3.common.C.ENCODING_PCM_16BIT_BIG_ENDIAN, androidx.media3.common.C.ENCODING_PCM_24BIT, androidx.media3.common.C.ENCODING_PCM_24BIT_BIG_ENDIAN, androidx.media3.common.C.ENCODING_PCM_32BIT, androidx.media3.common.C.ENCODING_PCM_32BIT_BIG_ENDIAN, androidx.media3.common.C.ENCODING_PCM_FLOAT}" />
    </annotation>
  </item>
  <item name="androidx.media3.common.util.NetworkTypeObserver int getMobileNetworkType(android.net.NetworkInfo)">
    <annotation name="androidx.annotation.IntDef">
      <val name="value" val="{androidx.media3.common.C.NETWORK_TYPE_UNKNOWN, androidx.media3.common.C.NETWORK_TYPE_OFFLINE, androidx.media3.common.C.NETWORK_TYPE_WIFI, androidx.media3.common.C.NETWORK_TYPE_2G, androidx.media3.common.C.NETWORK_TYPE_3G, androidx.media3.common.C.NETWORK_TYPE_4G, androidx.media3.common.C.NETWORK_TYPE_5G_SA, androidx.media3.common.C.NETWORK_TYPE_5G_NSA, androidx.media3.common.C.NETWORK_TYPE_CELLULAR_UNKNOWN, androidx.media3.common.C.NETWORK_TYPE_ETHERNET, androidx.media3.common.C.NETWORK_TYPE_OTHER}" />
    </annotation>
  </item>
  <item name="androidx.media3.common.util.NetworkTypeObserver int getNetworkType()">
    <annotation name="androidx.annotation.IntDef">
      <val name="value" val="{androidx.media3.common.C.NETWORK_TYPE_UNKNOWN, androidx.media3.common.C.NETWORK_TYPE_OFFLINE, androidx.media3.common.C.NETWORK_TYPE_WIFI, androidx.media3.common.C.NETWORK_TYPE_2G, androidx.media3.common.C.NETWORK_TYPE_3G, androidx.media3.common.C.NETWORK_TYPE_4G, androidx.media3.common.C.NETWORK_TYPE_5G_SA, androidx.media3.common.C.NETWORK_TYPE_5G_NSA, androidx.media3.common.C.NETWORK_TYPE_CELLULAR_UNKNOWN, androidx.media3.common.C.NETWORK_TYPE_ETHERNET, androidx.media3.common.C.NETWORK_TYPE_OTHER}" />
    </annotation>
  </item>
  <item name="androidx.media3.common.util.NetworkTypeObserver int getNetworkTypeFromConnectivityManager(android.content.Context)">
    <annotation name="androidx.annotation.IntDef">
      <val name="value" val="{androidx.media3.common.C.NETWORK_TYPE_UNKNOWN, androidx.media3.common.C.NETWORK_TYPE_OFFLINE, androidx.media3.common.C.NETWORK_TYPE_WIFI, androidx.media3.common.C.NETWORK_TYPE_2G, androidx.media3.common.C.NETWORK_TYPE_3G, androidx.media3.common.C.NETWORK_TYPE_4G, androidx.media3.common.C.NETWORK_TYPE_5G_SA, androidx.media3.common.C.NETWORK_TYPE_5G_NSA, androidx.media3.common.C.NETWORK_TYPE_CELLULAR_UNKNOWN, androidx.media3.common.C.NETWORK_TYPE_ETHERNET, androidx.media3.common.C.NETWORK_TYPE_OTHER}" />
    </annotation>
  </item>
  <item name="androidx.media3.common.util.NetworkTypeObserver networkType">
    <annotation name="androidx.annotation.IntDef">
      <val name="value" val="{androidx.media3.common.C.NETWORK_TYPE_UNKNOWN, androidx.media3.common.C.NETWORK_TYPE_OFFLINE, androidx.media3.common.C.NETWORK_TYPE_WIFI, androidx.media3.common.C.NETWORK_TYPE_2G, androidx.media3.common.C.NETWORK_TYPE_3G, androidx.media3.common.C.NETWORK_TYPE_4G, androidx.media3.common.C.NETWORK_TYPE_5G_SA, androidx.media3.common.C.NETWORK_TYPE_5G_NSA, androidx.media3.common.C.NETWORK_TYPE_CELLULAR_UNKNOWN, androidx.media3.common.C.NETWORK_TYPE_ETHERNET, androidx.media3.common.C.NETWORK_TYPE_OTHER}" />
    </annotation>
  </item>
  <item name="androidx.media3.common.util.NetworkTypeObserver void updateNetworkType(int) 0">
    <annotation name="androidx.annotation.IntDef">
      <val name="value" val="{androidx.media3.common.C.NETWORK_TYPE_UNKNOWN, androidx.media3.common.C.NETWORK_TYPE_OFFLINE, androidx.media3.common.C.NETWORK_TYPE_WIFI, androidx.media3.common.C.NETWORK_TYPE_2G, androidx.media3.common.C.NETWORK_TYPE_3G, androidx.media3.common.C.NETWORK_TYPE_4G, androidx.media3.common.C.NETWORK_TYPE_5G_SA, androidx.media3.common.C.NETWORK_TYPE_5G_NSA, androidx.media3.common.C.NETWORK_TYPE_CELLULAR_UNKNOWN, androidx.media3.common.C.NETWORK_TYPE_ETHERNET, androidx.media3.common.C.NETWORK_TYPE_OTHER}" />
    </annotation>
  </item>
  <item name="androidx.media3.common.util.NetworkTypeObserver.Listener void onNetworkTypeChanged(int) 0">
    <annotation name="androidx.annotation.IntDef">
      <val name="value" val="{androidx.media3.common.C.NETWORK_TYPE_UNKNOWN, androidx.media3.common.C.NETWORK_TYPE_OFFLINE, androidx.media3.common.C.NETWORK_TYPE_WIFI, androidx.media3.common.C.NETWORK_TYPE_2G, androidx.media3.common.C.NETWORK_TYPE_3G, androidx.media3.common.C.NETWORK_TYPE_4G, androidx.media3.common.C.NETWORK_TYPE_5G_SA, androidx.media3.common.C.NETWORK_TYPE_5G_NSA, androidx.media3.common.C.NETWORK_TYPE_CELLULAR_UNKNOWN, androidx.media3.common.C.NETWORK_TYPE_ETHERNET, androidx.media3.common.C.NETWORK_TYPE_OTHER}" />
    </annotation>
  </item>
  <item name="androidx.media3.common.util.NotificationUtil void createNotificationChannel(android.content.Context, java.lang.String, int, int, int) 4">
    <annotation name="androidx.annotation.IntDef">
      <val name="value" val="{androidx.media3.common.util.NotificationUtil.IMPORTANCE_UNSPECIFIED, androidx.media3.common.util.NotificationUtil.IMPORTANCE_NONE, androidx.media3.common.util.NotificationUtil.IMPORTANCE_MIN, androidx.media3.common.util.NotificationUtil.IMPORTANCE_LOW, androidx.media3.common.util.NotificationUtil.IMPORTANCE_DEFAULT, androidx.media3.common.util.NotificationUtil.IMPORTANCE_HIGH}" />
    </annotation>
  </item>
  <item name="androidx.media3.common.util.NotificationUtil.Importance">
    <annotation name="androidx.annotation.IntDef">
      <val name="value" val="{androidx.media3.common.util.NotificationUtil.IMPORTANCE_UNSPECIFIED, androidx.media3.common.util.NotificationUtil.IMPORTANCE_NONE, androidx.media3.common.util.NotificationUtil.IMPORTANCE_MIN, androidx.media3.common.util.NotificationUtil.IMPORTANCE_LOW, androidx.media3.common.util.NotificationUtil.IMPORTANCE_DEFAULT, androidx.media3.common.util.NotificationUtil.IMPORTANCE_HIGH}" />
    </annotation>
  </item>
  <item name="androidx.media3.common.util.RepeatModeUtil boolean isRepeatModeEnabled(int, int) 0">
    <annotation name="androidx.annotation.IntDef">
      <val name="value" val="{androidx.media3.common.Player.REPEAT_MODE_OFF, androidx.media3.common.Player.REPEAT_MODE_ONE, androidx.media3.common.Player.REPEAT_MODE_ALL}" />
    </annotation>
  </item>
  <item name="androidx.media3.common.util.RepeatModeUtil int getNextRepeatMode(int, int)">
    <annotation name="androidx.annotation.IntDef">
      <val name="value" val="{androidx.media3.common.Player.REPEAT_MODE_OFF, androidx.media3.common.Player.REPEAT_MODE_ONE, androidx.media3.common.Player.REPEAT_MODE_ALL}" />
    </annotation>
  </item>
  <item name="androidx.media3.common.util.RepeatModeUtil int getNextRepeatMode(int, int) 0">
    <annotation name="androidx.annotation.IntDef">
      <val name="value" val="{androidx.media3.common.Player.REPEAT_MODE_OFF, androidx.media3.common.Player.REPEAT_MODE_ONE, androidx.media3.common.Player.REPEAT_MODE_ALL}" />
    </annotation>
  </item>
  <item name="androidx.media3.common.util.RepeatModeUtil.RepeatToggleModes">
    <annotation name="androidx.annotation.IntDef">
      <val name="flag" val="true" />
      <val name="value" val="{androidx.media3.common.util.RepeatModeUtil.REPEAT_TOGGLE_MODE_NONE, androidx.media3.common.util.RepeatModeUtil.REPEAT_TOGGLE_MODE_ONE, androidx.media3.common.util.RepeatModeUtil.REPEAT_TOGGLE_MODE_ALL}" />
    </annotation>
  </item>
  <item name="androidx.media3.common.util.Util androidx.media3.common.Format getPcmFormat(int, int, int) 0">
    <annotation name="androidx.annotation.IntDef">
      <val name="value" val="{androidx.media3.common.Format.NO_VALUE, androidx.media3.common.C.ENCODING_INVALID, androidx.media3.common.C.ENCODING_PCM_8BIT, androidx.media3.common.C.ENCODING_PCM_16BIT, androidx.media3.common.C.ENCODING_PCM_16BIT_BIG_ENDIAN, androidx.media3.common.C.ENCODING_PCM_24BIT, androidx.media3.common.C.ENCODING_PCM_24BIT_BIG_ENDIAN, androidx.media3.common.C.ENCODING_PCM_32BIT, androidx.media3.common.C.ENCODING_PCM_32BIT_BIG_ENDIAN, androidx.media3.common.C.ENCODING_PCM_FLOAT}" />
    </annotation>
  </item>
  <item name="androidx.media3.common.util.Util boolean isEncodingHighResolutionPcm(int) 0">
    <annotation name="androidx.annotation.IntDef">
      <val name="value" val="{androidx.media3.common.Format.NO_VALUE, androidx.media3.common.C.ENCODING_INVALID, androidx.media3.common.C.ENCODING_PCM_8BIT, androidx.media3.common.C.ENCODING_PCM_16BIT, androidx.media3.common.C.ENCODING_PCM_16BIT_BIG_ENDIAN, androidx.media3.common.C.ENCODING_PCM_24BIT, androidx.media3.common.C.ENCODING_PCM_24BIT_BIG_ENDIAN, androidx.media3.common.C.ENCODING_PCM_32BIT, androidx.media3.common.C.ENCODING_PCM_32BIT_BIG_ENDIAN, androidx.media3.common.C.ENCODING_PCM_FLOAT}" />
    </annotation>
  </item>
  <item name="androidx.media3.common.util.Util boolean isEncodingLinearPcm(int) 0">
    <annotation name="androidx.annotation.IntDef">
      <val name="value" val="{androidx.media3.common.Format.NO_VALUE, androidx.media3.common.C.ENCODING_INVALID, androidx.media3.common.C.ENCODING_PCM_8BIT, androidx.media3.common.C.ENCODING_PCM_16BIT, androidx.media3.common.C.ENCODING_PCM_16BIT_BIG_ENDIAN, androidx.media3.common.C.ENCODING_PCM_24BIT, androidx.media3.common.C.ENCODING_PCM_24BIT_BIG_ENDIAN, androidx.media3.common.C.ENCODING_PCM_32BIT, androidx.media3.common.C.ENCODING_PCM_32BIT_BIG_ENDIAN, androidx.media3.common.C.ENCODING_PCM_FLOAT, androidx.media3.common.C.ENCODING_MP3, androidx.media3.common.C.ENCODING_AAC_LC, androidx.media3.common.C.ENCODING_AAC_HE_V1, androidx.media3.common.C.ENCODING_AAC_HE_V2, androidx.media3.common.C.ENCODING_AAC_XHE, androidx.media3.common.C.ENCODING_AAC_ELD, androidx.media3.common.C.ENCODING_AAC_ER_BSAC, androidx.media3.common.C.ENCODING_AC3, androidx.media3.common.C.ENCODING_E_AC3, androidx.media3.common.C.ENCODING_E_AC3_JOC, androidx.media3.common.C.ENCODING_AC4, androidx.media3.common.C.ENCODING_DTS, androidx.media3.common.C.ENCODING_DTS_HD, androidx.media3.common.C.ENCODING_DOLBY_TRUEHD, androidx.media3.common.C.ENCODING_OPUS, androidx.media3.common.C.ENCODING_DTS_UHD_P2}" />
    </annotation>
  </item>
  <item name="androidx.media3.common.util.Util int getAudioContentTypeForStreamType(int)">
    <annotation name="androidx.annotation.IntDef">
      <val name="value" val="{androidx.media3.common.C.AUDIO_CONTENT_TYPE_MOVIE, androidx.media3.common.C.AUDIO_CONTENT_TYPE_MUSIC, androidx.media3.common.C.AUDIO_CONTENT_TYPE_SONIFICATION, androidx.media3.common.C.AUDIO_CONTENT_TYPE_SPEECH, androidx.media3.common.C.AUDIO_CONTENT_TYPE_UNKNOWN}" />
    </annotation>
  </item>
  <item name="androidx.media3.common.util.Util int getAudioContentTypeForStreamType(int) 0">
    <annotation name="androidx.annotation.IntDef">
      <val name="value" val="{androidx.media3.common.C.STREAM_TYPE_ALARM, androidx.media3.common.C.STREAM_TYPE_DTMF, androidx.media3.common.C.STREAM_TYPE_MUSIC, androidx.media3.common.C.STREAM_TYPE_NOTIFICATION, androidx.media3.common.C.STREAM_TYPE_RING, androidx.media3.common.C.STREAM_TYPE_SYSTEM, androidx.media3.common.C.STREAM_TYPE_VOICE_CALL, androidx.media3.common.C.STREAM_TYPE_DEFAULT}" />
    </annotation>
  </item>
  <item name="androidx.media3.common.util.Util int getAudioUsageForStreamType(int)">
    <annotation name="androidx.annotation.IntDef">
      <val name="value" val="{androidx.media3.common.C.USAGE_ALARM, androidx.media3.common.C.USAGE_ASSISTANCE_ACCESSIBILITY, androidx.media3.common.C.USAGE_ASSISTANCE_NAVIGATION_GUIDANCE, androidx.media3.common.C.USAGE_ASSISTANCE_SONIFICATION, androidx.media3.common.C.USAGE_ASSISTANT, androidx.media3.common.C.USAGE_GAME, androidx.media3.common.C.USAGE_MEDIA, androidx.media3.common.C.USAGE_NOTIFICATION, androidx.media3.common.C.USAGE_NOTIFICATION_COMMUNICATION_DELAYED, androidx.media3.common.C.USAGE_NOTIFICATION_COMMUNICATION_INSTANT, androidx.media3.common.C.USAGE_NOTIFICATION_COMMUNICATION_REQUEST, androidx.media3.common.C.USAGE_NOTIFICATION_EVENT, androidx.media3.common.C.USAGE_NOTIFICATION_RINGTONE, androidx.media3.common.C.USAGE_UNKNOWN, androidx.media3.common.C.USAGE_VOICE_COMMUNICATION, androidx.media3.common.C.USAGE_VOICE_COMMUNICATION_SIGNALLING}" />
    </annotation>
  </item>
  <item name="androidx.media3.common.util.Util int getAudioUsageForStreamType(int) 0">
    <annotation name="androidx.annotation.IntDef">
      <val name="value" val="{androidx.media3.common.C.STREAM_TYPE_ALARM, androidx.media3.common.C.STREAM_TYPE_DTMF, androidx.media3.common.C.STREAM_TYPE_MUSIC, androidx.media3.common.C.STREAM_TYPE_NOTIFICATION, androidx.media3.common.C.STREAM_TYPE_RING, androidx.media3.common.C.STREAM_TYPE_SYSTEM, androidx.media3.common.C.STREAM_TYPE_VOICE_CALL, androidx.media3.common.C.STREAM_TYPE_DEFAULT}" />
    </annotation>
  </item>
  <item name="androidx.media3.common.util.Util int getCodecCountOfType(java.lang.String, int) 1">
    <annotation name="androidx.annotation.IntDef">
      <val name="open" val="true" />
      <val name="value" val="{androidx.media3.common.C.TRACK_TYPE_UNKNOWN, androidx.media3.common.C.TRACK_TYPE_DEFAULT, androidx.media3.common.C.TRACK_TYPE_AUDIO, androidx.media3.common.C.TRACK_TYPE_VIDEO, androidx.media3.common.C.TRACK_TYPE_TEXT, androidx.media3.common.C.TRACK_TYPE_IMAGE, androidx.media3.common.C.TRACK_TYPE_METADATA, androidx.media3.common.C.TRACK_TYPE_CAMERA_MOTION, androidx.media3.common.C.TRACK_TYPE_NONE}" />
    </annotation>
  </item>
  <item name="androidx.media3.common.util.Util int getErrorCodeForMediaDrmErrorCode(int)">
    <annotation name="androidx.annotation.IntDef">
      <val name="open" val="true" />
      <val name="value" val="{androidx.media3.common.PlaybackException.ERROR_CODE_INVALID_STATE, androidx.media3.common.PlaybackException.ERROR_CODE_BAD_VALUE, androidx.media3.common.PlaybackException.ERROR_CODE_PERMISSION_DENIED, androidx.media3.common.PlaybackException.ERROR_CODE_NOT_SUPPORTED, androidx.media3.common.PlaybackException.ERROR_CODE_DISCONNECTED, androidx.media3.common.PlaybackException.ERROR_CODE_AUTHENTICATION_EXPIRED, androidx.media3.common.PlaybackException.ERROR_CODE_PREMIUM_ACCOUNT_REQUIRED, androidx.media3.common.PlaybackException.ERROR_CODE_CONCURRENT_STREAM_LIMIT, androidx.media3.common.PlaybackException.ERROR_CODE_PARENTAL_CONTROL_RESTRICTED, androidx.media3.common.PlaybackException.ERROR_CODE_NOT_AVAILABLE_IN_REGION, androidx.media3.common.PlaybackException.ERROR_CODE_SKIP_LIMIT_REACHED, androidx.media3.common.PlaybackException.ERROR_CODE_SETUP_REQUIRED, androidx.media3.common.PlaybackException.ERROR_CODE_END_OF_PLAYLIST, androidx.media3.common.PlaybackException.ERROR_CODE_CONTENT_ALREADY_PLAYING, androidx.media3.common.PlaybackException.ERROR_CODE_UNSPECIFIED, androidx.media3.common.PlaybackException.ERROR_CODE_REMOTE_ERROR, androidx.media3.common.PlaybackException.ERROR_CODE_BEHIND_LIVE_WINDOW, androidx.media3.common.PlaybackException.ERROR_CODE_TIMEOUT, androidx.media3.common.PlaybackException.ERROR_CODE_FAILED_RUNTIME_CHECK, androidx.media3.common.PlaybackException.ERROR_CODE_IO_UNSPECIFIED, androidx.media3.common.PlaybackException.ERROR_CODE_IO_NETWORK_CONNECTION_FAILED, androidx.media3.common.PlaybackException.ERROR_CODE_IO_NETWORK_CONNECTION_TIMEOUT, androidx.media3.common.PlaybackException.ERROR_CODE_IO_INVALID_HTTP_CONTENT_TYPE, androidx.media3.common.PlaybackException.ERROR_CODE_IO_BAD_HTTP_STATUS, androidx.media3.common.PlaybackException.ERROR_CODE_IO_FILE_NOT_FOUND, androidx.media3.common.PlaybackException.ERROR_CODE_IO_NO_PERMISSION, androidx.media3.common.PlaybackException.ERROR_CODE_IO_CLEARTEXT_NOT_PERMITTED, androidx.media3.common.PlaybackException.ERROR_CODE_IO_READ_POSITION_OUT_OF_RANGE, androidx.media3.common.PlaybackException.ERROR_CODE_PARSING_CONTAINER_MALFORMED, androidx.media3.common.PlaybackException.ERROR_CODE_PARSING_MANIFEST_MALFORMED, androidx.media3.common.PlaybackException.ERROR_CODE_PARSING_CONTAINER_UNSUPPORTED, androidx.media3.common.PlaybackException.ERROR_CODE_PARSING_MANIFEST_UNSUPPORTED, androidx.media3.common.PlaybackException.ERROR_CODE_DECODER_INIT_FAILED, androidx.media3.common.PlaybackException.ERROR_CODE_DECODER_QUERY_FAILED, androidx.media3.common.PlaybackException.ERROR_CODE_DECODING_FAILED, androidx.media3.common.PlaybackException.ERROR_CODE_DECODING_FORMAT_EXCEEDS_CAPABILITIES, androidx.media3.common.PlaybackException.ERROR_CODE_DECODING_FORMAT_UNSUPPORTED, androidx.media3.common.PlaybackException.ERROR_CODE_AUDIO_TRACK_INIT_FAILED, androidx.media3.common.PlaybackException.ERROR_CODE_AUDIO_TRACK_WRITE_FAILED, androidx.media3.common.PlaybackException.ERROR_CODE_AUDIO_TRACK_OFFLOAD_INIT_FAILED, androidx.media3.common.PlaybackException.ERROR_CODE_AUDIO_TRACK_OFFLOAD_WRITE_FAILED, androidx.media3.common.PlaybackException.ERROR_CODE_DRM_UNSPECIFIED, androidx.media3.common.PlaybackException.ERROR_CODE_DRM_SCHEME_UNSUPPORTED, androidx.media3.common.PlaybackException.ERROR_CODE_DRM_PROVISIONING_FAILED, androidx.media3.common.PlaybackException.ERROR_CODE_DRM_CONTENT_ERROR, androidx.media3.common.PlaybackException.ERROR_CODE_DRM_LICENSE_ACQUISITION_FAILED, androidx.media3.common.PlaybackException.ERROR_CODE_DRM_DISALLOWED_OPERATION, androidx.media3.common.PlaybackException.ERROR_CODE_DRM_SYSTEM_ERROR, androidx.media3.common.PlaybackException.ERROR_CODE_DRM_DEVICE_REVOKED, androidx.media3.common.PlaybackException.ERROR_CODE_DRM_LICENSE_EXPIRED}" />
    </annotation>
  </item>
  <item name="androidx.media3.common.util.Util int getPcmEncoding(int)">
    <annotation name="androidx.annotation.IntDef">
      <val name="value" val="{androidx.media3.common.Format.NO_VALUE, androidx.media3.common.C.ENCODING_INVALID, androidx.media3.common.C.ENCODING_PCM_8BIT, androidx.media3.common.C.ENCODING_PCM_16BIT, androidx.media3.common.C.ENCODING_PCM_16BIT_BIG_ENDIAN, androidx.media3.common.C.ENCODING_PCM_24BIT, androidx.media3.common.C.ENCODING_PCM_24BIT_BIG_ENDIAN, androidx.media3.common.C.ENCODING_PCM_32BIT, androidx.media3.common.C.ENCODING_PCM_32BIT_BIG_ENDIAN, androidx.media3.common.C.ENCODING_PCM_FLOAT}" />
    </annotation>
  </item>
  <item name="androidx.media3.common.util.Util int getPcmFrameSize(int, int) 0">
    <annotation name="androidx.annotation.IntDef">
      <val name="value" val="{androidx.media3.common.Format.NO_VALUE, androidx.media3.common.C.ENCODING_INVALID, androidx.media3.common.C.ENCODING_PCM_8BIT, androidx.media3.common.C.ENCODING_PCM_16BIT, androidx.media3.common.C.ENCODING_PCM_16BIT_BIG_ENDIAN, androidx.media3.common.C.ENCODING_PCM_24BIT, androidx.media3.common.C.ENCODING_PCM_24BIT_BIG_ENDIAN, androidx.media3.common.C.ENCODING_PCM_32BIT, androidx.media3.common.C.ENCODING_PCM_32BIT_BIG_ENDIAN, androidx.media3.common.C.ENCODING_PCM_FLOAT}" />
    </annotation>
  </item>
  <item name="androidx.media3.common.util.Util int getStreamTypeForAudioUsage(int)">
    <annotation name="androidx.annotation.IntDef">
      <val name="value" val="{androidx.media3.common.C.STREAM_TYPE_ALARM, androidx.media3.common.C.STREAM_TYPE_DTMF, androidx.media3.common.C.STREAM_TYPE_MUSIC, androidx.media3.common.C.STREAM_TYPE_NOTIFICATION, androidx.media3.common.C.STREAM_TYPE_RING, androidx.media3.common.C.STREAM_TYPE_SYSTEM, androidx.media3.common.C.STREAM_TYPE_VOICE_CALL, androidx.media3.common.C.STREAM_TYPE_DEFAULT}" />
    </annotation>
  </item>
  <item name="androidx.media3.common.util.Util int getStreamTypeForAudioUsage(int) 0">
    <annotation name="androidx.annotation.IntDef">
      <val name="value" val="{androidx.media3.common.C.USAGE_ALARM, androidx.media3.common.C.USAGE_ASSISTANCE_ACCESSIBILITY, androidx.media3.common.C.USAGE_ASSISTANCE_NAVIGATION_GUIDANCE, androidx.media3.common.C.USAGE_ASSISTANCE_SONIFICATION, androidx.media3.common.C.USAGE_ASSISTANT, androidx.media3.common.C.USAGE_GAME, androidx.media3.common.C.USAGE_MEDIA, androidx.media3.common.C.USAGE_NOTIFICATION, androidx.media3.common.C.USAGE_NOTIFICATION_COMMUNICATION_DELAYED, androidx.media3.common.C.USAGE_NOTIFICATION_COMMUNICATION_INSTANT, androidx.media3.common.C.USAGE_NOTIFICATION_COMMUNICATION_REQUEST, androidx.media3.common.C.USAGE_NOTIFICATION_EVENT, androidx.media3.common.C.USAGE_NOTIFICATION_RINGTONE, androidx.media3.common.C.USAGE_UNKNOWN, androidx.media3.common.C.USAGE_VOICE_COMMUNICATION, androidx.media3.common.C.USAGE_VOICE_COMMUNICATION_SIGNALLING}" />
    </annotation>
  </item>
  <item name="androidx.media3.common.util.Util int inferContentType(android.net.Uri)">
    <annotation name="androidx.annotation.IntDef">
      <val name="value" val="{androidx.media3.common.C.CONTENT_TYPE_DASH, androidx.media3.common.C.CONTENT_TYPE_SS, androidx.media3.common.C.CONTENT_TYPE_HLS, androidx.media3.common.C.CONTENT_TYPE_RTSP, androidx.media3.common.C.CONTENT_TYPE_OTHER}" />
    </annotation>
  </item>
  <item name="androidx.media3.common.util.Util int inferContentType(android.net.Uri, java.lang.String)">
    <annotation name="androidx.annotation.IntDef">
      <val name="value" val="{androidx.media3.common.C.CONTENT_TYPE_DASH, androidx.media3.common.C.CONTENT_TYPE_SS, androidx.media3.common.C.CONTENT_TYPE_HLS, androidx.media3.common.C.CONTENT_TYPE_RTSP, androidx.media3.common.C.CONTENT_TYPE_OTHER}" />
    </annotation>
  </item>
  <item name="androidx.media3.common.util.Util int inferContentType(java.lang.String)">
    <annotation name="androidx.annotation.IntDef">
      <val name="value" val="{androidx.media3.common.C.CONTENT_TYPE_DASH, androidx.media3.common.C.CONTENT_TYPE_SS, androidx.media3.common.C.CONTENT_TYPE_HLS, androidx.media3.common.C.CONTENT_TYPE_RTSP, androidx.media3.common.C.CONTENT_TYPE_OTHER}" />
    </annotation>
  </item>
  <item name="androidx.media3.common.util.Util int inferContentTypeForExtension(java.lang.String)">
    <annotation name="androidx.annotation.IntDef">
      <val name="value" val="{androidx.media3.common.C.CONTENT_TYPE_DASH, androidx.media3.common.C.CONTENT_TYPE_SS, androidx.media3.common.C.CONTENT_TYPE_HLS, androidx.media3.common.C.CONTENT_TYPE_RTSP, androidx.media3.common.C.CONTENT_TYPE_OTHER}" />
    </annotation>
  </item>
  <item name="androidx.media3.common.util.Util int inferContentTypeForUriAndMimeType(android.net.Uri, java.lang.String)">
    <annotation name="androidx.annotation.IntDef">
      <val name="value" val="{androidx.media3.common.C.CONTENT_TYPE_DASH, androidx.media3.common.C.CONTENT_TYPE_SS, androidx.media3.common.C.CONTENT_TYPE_HLS, androidx.media3.common.C.CONTENT_TYPE_RTSP, androidx.media3.common.C.CONTENT_TYPE_OTHER}" />
    </annotation>
  </item>
  <item name="androidx.media3.common.util.Util java.lang.String getAdaptiveMimeTypeForContentType(int) 0">
    <annotation name="androidx.annotation.IntDef">
      <val name="value" val="{androidx.media3.common.C.CONTENT_TYPE_DASH, androidx.media3.common.C.CONTENT_TYPE_SS, androidx.media3.common.C.CONTENT_TYPE_HLS, androidx.media3.common.C.CONTENT_TYPE_RTSP, androidx.media3.common.C.CONTENT_TYPE_OTHER}" />
    </annotation>
  </item>
  <item name="androidx.media3.common.util.Util java.lang.String getCodecsOfType(java.lang.String, int) 1">
    <annotation name="androidx.annotation.IntDef">
      <val name="open" val="true" />
      <val name="value" val="{androidx.media3.common.C.TRACK_TYPE_UNKNOWN, androidx.media3.common.C.TRACK_TYPE_DEFAULT, androidx.media3.common.C.TRACK_TYPE_AUDIO, androidx.media3.common.C.TRACK_TYPE_VIDEO, androidx.media3.common.C.TRACK_TYPE_TEXT, androidx.media3.common.C.TRACK_TYPE_IMAGE, androidx.media3.common.C.TRACK_TYPE_METADATA, androidx.media3.common.C.TRACK_TYPE_CAMERA_MOTION, androidx.media3.common.C.TRACK_TYPE_NONE}" />
    </annotation>
  </item>
  <item name="androidx.media3.common.util.Util java.lang.String getFormatSupportString(int) 0">
    <annotation name="androidx.annotation.IntDef">
      <val name="value" val="{androidx.media3.common.C.FORMAT_HANDLED, androidx.media3.common.C.FORMAT_EXCEEDS_CAPABILITIES, androidx.media3.common.C.FORMAT_UNSUPPORTED_DRM, androidx.media3.common.C.FORMAT_UNSUPPORTED_SUBTYPE, androidx.media3.common.C.FORMAT_UNSUPPORTED_TYPE}" />
    </annotation>
  </item>
  <item name="androidx.media3.common.util.Util java.lang.String getTrackTypeString(int) 0">
    <annotation name="androidx.annotation.IntDef">
      <val name="open" val="true" />
      <val name="value" val="{androidx.media3.common.C.TRACK_TYPE_UNKNOWN, androidx.media3.common.C.TRACK_TYPE_DEFAULT, androidx.media3.common.C.TRACK_TYPE_AUDIO, androidx.media3.common.C.TRACK_TYPE_VIDEO, androidx.media3.common.C.TRACK_TYPE_TEXT, androidx.media3.common.C.TRACK_TYPE_IMAGE, androidx.media3.common.C.TRACK_TYPE_METADATA, androidx.media3.common.C.TRACK_TYPE_CAMERA_MOTION, androidx.media3.common.C.TRACK_TYPE_NONE}" />
    </annotation>
  </item>
  <item name="androidx.media3.common.util.Util java.util.List&lt;java.lang.String&gt; getRoleFlagStrings(int) 0">
    <annotation name="androidx.annotation.IntDef">
      <val name="flag" val="true" />
      <val name="value" val="{androidx.media3.common.C.ROLE_FLAG_MAIN, androidx.media3.common.C.ROLE_FLAG_ALTERNATE, androidx.media3.common.C.ROLE_FLAG_SUPPLEMENTARY, androidx.media3.common.C.ROLE_FLAG_COMMENTARY, androidx.media3.common.C.ROLE_FLAG_DUB, androidx.media3.common.C.ROLE_FLAG_EMERGENCY, androidx.media3.common.C.ROLE_FLAG_CAPTION, androidx.media3.common.C.ROLE_FLAG_SUBTITLE, androidx.media3.common.C.ROLE_FLAG_SIGN, androidx.media3.common.C.ROLE_FLAG_DESCRIBES_VIDEO, androidx.media3.common.C.ROLE_FLAG_DESCRIBES_MUSIC_AND_SOUND, androidx.media3.common.C.ROLE_FLAG_ENHANCED_DIALOG_INTELLIGIBILITY, androidx.media3.common.C.ROLE_FLAG_TRANSCRIBES_DIALOG, androidx.media3.common.C.ROLE_FLAG_EASY_TO_READ, androidx.media3.common.C.ROLE_FLAG_TRICK_PLAY}" />
    </annotation>
  </item>
  <item name="androidx.media3.common.util.Util java.util.List&lt;java.lang.String&gt; getSelectionFlagStrings(int) 0">
    <annotation name="androidx.annotation.IntDef">
      <val name="flag" val="true" />
      <val name="value" val="{androidx.media3.common.C.SELECTION_FLAG_DEFAULT, androidx.media3.common.C.SELECTION_FLAG_FORCED, androidx.media3.common.C.SELECTION_FLAG_AUTOSELECT}" />
    </annotation>
  </item>
</root>

