<?xml version="1.0" encoding="UTF-8"?>
<root>
  <item name="androidx.media3.exoplayer.hls.playlist.HlsMediaPlaylist HlsMediaPlaylist(int, java.lang.String, java.util.List&lt;java.lang.String&gt;, long, boolean, long, boolean, int, long, int, long, long, boolean, boolean, boolean, androidx.media3.common.DrmInitData, java.util.List&lt;androidx.media3.exoplayer.hls.playlist.HlsMediaPlaylist.Segment&gt;, java.util.List&lt;androidx.media3.exoplayer.hls.playlist.HlsMediaPlaylist.Part&gt;, androidx.media3.exoplayer.hls.playlist.HlsMediaPlaylist.ServerControl, java.util.Map&lt;android.net.Uri,androidx.media3.exoplayer.hls.playlist.HlsMediaPlaylist.RenditionReport&gt;) 0">
    <annotation name="androidx.annotation.IntDef">
      <val name="value" val="{androidx.media3.exoplayer.hls.playlist.HlsMediaPlaylist.PLAYLIST_TYPE_UNKNOWN, androidx.media3.exoplayer.hls.playlist.HlsMediaPlaylist.PLAYLIST_TYPE_VOD, androidx.media3.exoplayer.hls.playlist.HlsMediaPlaylist.PLAYLIST_TYPE_EVENT}" />
    </annotation>
  </item>
  <item name="androidx.media3.exoplayer.hls.playlist.HlsMediaPlaylist playlistType">
    <annotation name="androidx.annotation.IntDef">
      <val name="value" val="{androidx.media3.exoplayer.hls.playlist.HlsMediaPlaylist.PLAYLIST_TYPE_UNKNOWN, androidx.media3.exoplayer.hls.playlist.HlsMediaPlaylist.PLAYLIST_TYPE_VOD, androidx.media3.exoplayer.hls.playlist.HlsMediaPlaylist.PLAYLIST_TYPE_EVENT}" />
    </annotation>
  </item>
  <item name="androidx.media3.exoplayer.hls.playlist.HlsMediaPlaylist.PlaylistType">
    <annotation name="androidx.annotation.IntDef">
      <val name="value" val="{androidx.media3.exoplayer.hls.playlist.HlsMediaPlaylist.PLAYLIST_TYPE_UNKNOWN, androidx.media3.exoplayer.hls.playlist.HlsMediaPlaylist.PLAYLIST_TYPE_VOD, androidx.media3.exoplayer.hls.playlist.HlsMediaPlaylist.PLAYLIST_TYPE_EVENT}" />
    </annotation>
  </item>
</root>

